Frailty,Age,Weight,Grip strength
0,33.333333333333336,126.0,27.666666666666668
1,31.25,140.75,23.5



Correlation Matrix:
,Age,Weight,Grip strength,Frailty
Age,1.0,0.19092588300168695,0.13375644238747397,-0.08365462639775029
Weight,0.19092588300168695,1.0,0.032806754369007395,0.5352001404158713
Grip strength,0.13375644238747397,0.032806754369007395,1.0,-0.4758668672668008
Frailty,-0.08365462639775029,0.5352001404158713,-0.4758668672668008,1.0
